Name	Geography	Latitudes	BLAabundance	Metagenome	BLAName	Geocolors
MA 17	Antarctic Dry Valley	Latitudes 78 ° a 85 ° Sur	0.00406	MetaAn_17	0.00406 MA17	#E41A1C
MA 18	Antarctic Dry Valley	Latitudes 78 ° a 85 ° Sur	0.00169	MetaAn_18	0.00169 MA18	#E41A1C
MA 19	Antarctic Dry Valley	Latitudes 78 ° a 85 ° Sur	0.0032	MetaAn_19	0.0032 MA19	#E41A1C
MA 20	Antarctic Dry Valley	Latitudes 78 ° a 85 ° Sur	0.00612	MetaAn_20	0.00612 MA20	#E41A1C
MA 21	Antarctic Dry Valley	Latitudes 78 ° a 85 ° Sur	0.01205	MetaAn_21	0.01205 MA21	#E41A1C
MA 22	Antarctic Dry Valley	Latitudes 78 ° a 85 ° Sur	0.00578	MetaAn_22	0.00578 MA22	#E41A1C
MA 23	Antarctic Dry Valley	Latitudes 78 ° a 85 ° Sur	0.01522	MetaAn_23	0.01522 MA23	#E41A1C
MA 24	Antarctic Dry Valley	Latitudes 78 ° a 85 ° Sur	0.00476	MetaAn_24	0.00476 MA24	#E41A1C
MA 25	Antarctic Dry Valley	Latitudes 78 ° a 85 ° Sur	0.01494	MetaAn_25	0.01494 MA25	#E41A1C
MA 26	Antarctic Dry Valley	Latitudes 78 ° a 85 ° Sur	0.00242	MetaAn_26	0.00242 MA26	#E41A1C
MA 27	Antarctic Dry Valley	Latitudes 78 ° a 85 ° Sur	0.00148	MetaAn_27	0.00148 MA27	#E41A1C
MA 28	Antarctic Dry Valley	Latitudes 78 ° a 85 ° Sur	0.00279	MetaAn_28	0.00279 MA28	#E41A1C
MA 29	Antarctic Dry Valley	Latitudes 78 ° a 85 ° Sur	0.00125	MetaAn_29	0.00125 MA29	#E41A1C
MA 30	Antarctic Dry Valley	Latitudes 78 ° a 85 ° Sur	0.00148	MetaAn_30	0.00148 MA30	#E41A1C
MA 31	Antarctic Dry Valley	Latitudes 78 ° a 85 ° Sur	0.00324	MetaAn_31	0.00324 MA31	#E41A1C
MA 32	Antarctic Dry Valley	Latitudes 78 ° a 85 ° Sur	0.00182	MetaAn_32	0.00182 MA32	#E41A1C
MA 33	Antarctic Dry Valley	Latitudes 78 ° a 85 ° Sur	0.00136	MetaAn_33	0.00136 MA33	#E41A1C
MA 34	Antarctic Dry Valley	Latitudes 78 ° a 85 ° Sur	0.00408	MetaAn_34	0.00408 MA34	#E41A1C
MA 35	Antarctic Dry Valley	Latitudes 78 ° a 85 ° Sur	0.00182	MetaAn_35	0.00182 MA35	#E41A1C
MA 36	Antarctic Dry Valley	Latitudes 78 ° a 85 ° Sur	5.5e-4	MetaAn_36	0.00055 MA36	#E41A1C
MA 37	Antarctic Dry Valley	Latitudes 78 ° a 85 ° Sur	6.1e-4	MetaAn_37	0.00061 MA37	#E41A1C
MA 38	Antarctic Dry Valley	Latitudes 78 ° a 85 ° Sur	0.00235	MetaAn_38	0.00235 MA38	#E41A1C
MA 39	Antarctic Dry Valley	Latitudes 78 ° a 85 ° Sur	0.0028	MetaAn_39	0.0028 MA39	#E41A1C
MA 40	Antarctic Dry Valley	Latitudes 78 ° a 85 ° Sur	6.3e-4	MetaAn_40	0.00063 MA40	#E41A1C
MA 41	Antarctic Dry Valley	Latitudes 78 ° a 85 ° Sur	7.7e-4	MetaAn_41	0.00077 MA41	#E41A1C
MA 43	Antarctic Dry Valley	Latitudes 78 ° a 85 ° Sur	0.00393	MetaAn_43	0.00393 MA43	#E41A1C
MA 44	Antarctic Dry Valley	Latitudes 78 ° a 85 ° Sur	0.00166	MetaAn_44	0.00166 MA44	#E41A1C
MA 45	Antarctic Dry Valley	Latitudes 78 ° a 85 ° Sur	0.00755	MetaAn_45	0.00755 MA45	#E41A1C
MA 46	Antarctic Dry Valley	Latitudes 78 ° a 85 ° Sur	0.00172	MetaAn_46	0.00172 MA46	#E41A1C
MA 47	Antarctic Dry Valley	Latitudes 78 ° a 85 ° Sur	0.00584	MetaAn_47	0.00584 MA47	#E41A1C
MA 53	Antarctic Dry Valley	Latitudes 78 ° a 85 ° Sur	0.0294	MetaAn_53	0.0294 MA53	#E41A1C
MA 54	Antarctic Dry Valley	Latitudes 78 ° a 85 ° Sur	0.00547	MetaAn_54	0.00547 MA54	#E41A1C
MA 55	Antarctic Dry Valley	Latitudes 78 ° a 85 ° Sur	0.00163	MetaAn_55	0.00163 MA55	#E41A1C
MA 56	Antarctic Dry Valley	Latitudes 78 ° a 85 ° Sur	0.00348	MetaAn_56	0.00348 MA56	#E41A1C
MA 57	Antarctic Dry Valley	Latitudes 78 ° a 85 ° Sur	0.01898	MetaAn_57	0.01898 MA57	#E41A1C
MA 58	Antarctic Dry Valley	Latitudes 78 ° a 85 ° Sur	0.07904	MetaAn_58	0.07904 MA58	#E41A1C
MA 73	Antarctic Dry Valley	Latitudes 78 ° a 85 ° Sur	0.00443	MetaAn_73	0.00443 MA73	#E41A1C
MA 74	Antarctic Dry Valley	Latitudes 78 ° a 85 ° Sur	0.01013	MetaAn_74	0.01013 MA74	#E41A1C
MA 1	Antarctic Peninsula and Islands	Latitud 62 ° Sur	0.00502	MetaAn_1	0.00502 MA1	#377EB8
MA 2	Antarctic Peninsula and Islands	Latitud 62 ° Sur	0.0052	MetaAn_2	0.0052 MA2	#377EB8
MA 3	Antarctic Peninsula and Islands	Latitud 62 ° Sur	0.01168	MetaAn_3	0.01168 MA3	#377EB8
MA 4	Antarctic Peninsula and Islands	Latitud 62 ° Sur	0.0106	MetaAn_4	0.0106 MA4	#377EB8
MA 5	Antarctic Peninsula and Islands	Latitud 62 ° Sur	0.01011	MetaAn_5	0.01011 MA5	#377EB8
MA 6	Antarctic Peninsula and Islands	Latitud 62 ° Sur	0.00589	MetaAn_6	0.00589 MA6	#377EB8
MA 7	Antarctic Peninsula and Islands	Latitud 62 ° Sur	0.01753	MetaAn_7	0.01753 MA7	#377EB8
MA 8	Antarctic Peninsula and Islands	Latitud 62 ° Sur	0.01873	MetaAn_8	0.01873 MA8	#377EB8
MA 9	Antarctic Peninsula and Islands	Latitud 62 ° Sur	0.01512	MetaAn_9	0.01512 MA9	#377EB8
MA 10	Antarctic Peninsula and Islands	Latitud 62 ° Sur	0.02267	MetaAn_10	0.02267 MA10	#377EB8
MA 11	Antarctic Peninsula and Islands	Latitud 62 ° Sur	0.0149	MetaAn_11	0.0149 MA11	#377EB8
MA 12	Antarctic Peninsula and Islands	Latitud 62 ° Sur	0.00227	MetaAn_12	0.00227 MA12	#377EB8
MA 13	Antarctic Peninsula and Islands	Latitud 62 ° Sur	0.00106	MetaAn_13	0.00106 MA13	#377EB8
MA 14	Antarctic Peninsula and Islands	Latitud 62 ° Sur	0.01304	MetaAn_14	0.01304 MA14	#377EB8
MA 15	Antarctic Peninsula and Islands	Latitud 62 ° Sur	0.02041	MetaAn_15	0.02041 MA15	#377EB8
MA 16	Antarctic Peninsula and Islands	Latitud 62 ° Sur	0.01745	MetaAn_16	0.01745 MA16	#377EB8
MA 48	Antarctic Peninsula and Islands	Latitud 62 ° Sur	0.00167	MetaAn_48	0.00167 MA48	#377EB8
MA 49	Antarctic Peninsula and Islands	Latitud 62 ° Sur	0.00285	MetaAn_49	0.00285 MA49	#377EB8
MA 50	Antarctic Peninsula and Islands	Latitudes 78 ° a 85 ° Sur	0.00897	MetaAn_50	0.00897 MA50	#377EB8
MA 59	Antarctic Peninsula and Islands	Otras Latitudes Sur	0.00702	MetaAn_59	0.00702 MA59	#377EB8
MA 60	Antarctic Peninsula and Islands	Latitud 62 ° Sur	0.01681	MetaAn_60	0.01681 MA60	#377EB8
MA 62	Antarctic Peninsula and Islands	Otras Latitudes Sur	0.01428	MetaAn_62	0.01428 MA62	#377EB8
MA 63	Antarctic Peninsula and Islands	Otras Latitudes Sur	0.01388	MetaAn_63	0.01388 MA63	#377EB8
MA 65	Antarctic Peninsula and Islands	Otras Latitudes Sur	0.01127	MetaAn_65	0.01127 MA65	#377EB8
MA 70	Antarctic Peninsula and Islands	Latitud 62 ° Sur	0.06216	MetaAn_70	0.06216 MA70	#377EB8
MA 71	Antarctic Peninsula and Islands	Latitud 62 ° Sur	0.01682	MetaAn_71	0.01682 MA71	#377EB8
MA 72	Antarctic Peninsula and Islands	Latitud 62 ° Sur	0.0289	MetaAn_72	0.0289 MA72	#377EB8
MA 75	Antarctic Peninsula and Islands	Latitud 62 ° Sur	0.02621	MetaAn_75	0.02621 MA75	#377EB8
MA 76	Antarctic Peninsula and Islands	Latitud 62 ° Sur	0.01919	MetaAn_76	0.01919 MA76	#377EB8
MA 77	Antarctic Peninsula and Islands	Latitud 62 ° Sur	0.01514	MetaAn_77	0.01514 MA77	#377EB8
MA 78	Antarctic Peninsula and Islands	Latitud 62 ° Sur	0.03305	MetaAn_78	0.03305 MA78	#377EB8
MA 79	Antarctic Peninsula and Islands	Latitud 62 ° Sur	0.02626	MetaAn_79	0.02626 MA79	#377EB8
MA 80	Antarctic Peninsula and Islands	Latitud 62 ° Sur	0.02116	MetaAn_80	0.02116 MA80	#377EB8
MA 81	Antarctic Peninsula and Islands	Latitud 62 ° Sur	0.0174	MetaAn_81	0.0174 MA81	#377EB8
MA 82	Antarctic Peninsula and Islands	Latitud 62 ° Sur	0.00496	MetaAn_82	0.00496 MA82	#377EB8
MA 83	Antarctic Peninsula and Islands	Latitud 62 ° Sur	0.0101	MetaAn_83	0.0101 MA83	#377EB8
MA 84	Antarctic Peninsula and Islands	Latitud 62 ° Sur	0.00902	MetaAn_84	0.00902 MA84	#377EB8
MA 61	Subantarctic Islands	Latitudes 56 ° a 46 ° Sur	0.016	MetaAn_61	0.016 MA61	#4DAF4A
MA 64	Subantarctic Islands	Latitudes 56 ° a 46 ° Sur	0.00693	MetaAn_64	0.00693 MA64	#4DAF4A
MA 66	Subantarctic Islands	Latitudes 56 ° a 46 ° Sur	0.02231	MetaAn_66	0.02231 MA66	#4DAF4A
MA 67	Subantarctic Islands	Latitudes 56 ° a 46 ° Sur	0.00612	MetaAn_67	0.00612 MA67	#4DAF4A
MA 68	Subantarctic Islands	Latitudes 56 ° a 46 ° Sur	0.0036	MetaAn_68	0.0036 MA68	#4DAF4A
MA 69	Subantarctic Islands	Latitudes 56 ° a 46 ° Sur	0.01844	MetaAn_69	0.01844 MA69	#4DAF4A
