taxonomy	MetaAn_61	MetaAn_64	MetaAn_66	MetaAn_67	MetaAn_68	MetaAn_69
Flavobacteriaceae	0	0.18	1.62	4.46	4.26	0.03
Cryomorphaceae	0	0	0	0.1	0	0
Crocinitomicaceae	0	0	0	0.14	0.17	0
Weeksellaceae	0	0	7.74	0	0.06	0
Vicingaceae	0	0	0	0.05	0.01	0
PHOS-HE28	0	0.02	0	0.25	0.17	0.02
Chitinophagaceae	3.48	3.7	3.78	1.17	3.35	2.87
Saprospiraceae	0	0.98	0	1.1	0.45	0.04
GCA-2748055	0	0	0	0	0	0
Prolixibacteraceae	0	0.12	0	0	0	0
Dysgonomonadaceae	0	0	0	0	0	0
UBA10428	0	0	0	0	0	0
Paludibacteraceae	0	0.03	0	0	0	0
Marinilabiliaceae	0	0	0	0	0	0
VadinHA17	0	0	0	0	0	0
Lentimicrobiaceae	0	0.02	0	0	0	0
Cyclobacteriaceae	0.04	0.08	0.02	3.13	0.64	0.28
Sphingobacteriaceae	0.14	0.07	1.7	0.05	0.14	0.06
2-12-FULL-35-15	0.09	0.09	0	0.02	0	0
Microbacteriaceae	0.01	0.85	0.6	2.31	0.65	0.12
Dermatophilaceae	0.01	4.97	1.67	0.37	0.13	0.06
Cellulomonadaceae	0.01	0.6	0.08	0.04	0.04	0.01
Demequinaceae	0	0	0	0.36	0.01	0
Propionibacteriaceae	0	0.9	0.37	0.23	0.02	0
Nocardioidaceae	0.08	3.45	0.39	0.85	1.72	0.04
Pseudonocardiaceae	0.13	0.17	0.04	0.77	0.03	0.12
Mycobacteriaceae	0.34	0.3	3.14	0.32	0.06	0.09
Nakamurellaceae	0	0.15	0.04	0.13	0	0.02
Streptomycetaceae	0.06	0.13	0	0.03	0.05	0.01
Microtrichaceae	0	0.07	0	0.22	0.26	0.03
Iamiaceae	0.02	0.4	0	0.6	0.71	0.03
Ilumatobacteraceae	0.02	2.86	0	1.97	3.63	0.83
UBA8139	0.03	0.1	0	0.31	0.13	0.1
UBA5794	0	0	0	1.1	0.69	0
SKUG01	0	0	0	0.02	0.06	0
70-9	0.03	0.36	0	1.79	0.64	0.1
SZUA-47	0	0.33	0	0.31	0.11	0
UBA7683	0	0	0	0.02	0.01	0
UBA4665	0.26	1.47	0.09	0.21	0.09	0.37
UBA1020	0	0	0	0.02	0.03	0
UBA5946	0	0.06	0	0	0	0
UBA1547	0	0.39	0	0.13	0.01	0
Saccharimonadaceae	0	0.3	0	0.02	0	0
UBA9973	0.07	0.32	0	0.12	0.12	0.12
UBA918	0	0.02	0	0.43	0.05	0
UBA1369	0	0	0	0	0	0.01
Absconditicoccaceae	0	0	0	0	0.02	0
SG8-38	0	0	0	0.21	0.48	0
Polyangiaceae	2.25	1.08	0	1.42	0.22	0.84
Haliangiaceae	0	0.52	0	0.21	0.09	0.26
Bradymonadaceae	0	0	0	0.01	0	0
Akkermansiaceae	0	0.41	0	0.24	0.73	0
CANJXF01	0	0.09	0	0	0.02	0
Opitutaceae	0.75	0.36	0	0.68	0.13	0.28
T3Sed10-336	0	0	0	0	0	0
Terrimicrobiaceae	0	0.02	0	0.11	0	0
Abditibacteriaceae	0	0.42	0	0	0	0
Anaerolineaceae	0	0	0	0	0	0
UBA6265	0	0.09	0.16	0.05	0.03	0
Tepidiformaceae	0	0.15	0	0.16	0	0.05
Pirellulaceae	0.06	0.31	0	0.94	3.5	0.15
Phycisphaeraceae	0.03	0	0	0.2	0.16	0.02
UBA1924	0.02	0	0	0.33	0.15	0.25
Desulfuromonadaceae	0	0	0	0	0	0
Desulfocapsaceae	0	0	0	0	0.07	0
Sphingomonadaceae	0.03	9.01	0.11	1.95	2.72	0.23
Govaniaceae	0	0	0	0	0	0
Rhodobacteraceae	0.02	0.89	0.12	3.21	2.41	0.05
Rickettsiaceae	0	0.02	0	0.04	0	0
UBA9215	0	0	0	0	0	0
Xanthomonadaceae	0.03	2.67	5.79	0.85	0.81	0.06
Rhodanobacteraceae	0.09	0.8	4.1	0.59	0.09	0.11
SZUA-36	0	0	0	0.62	0.12	0
Marinicellaceae	0	0	0	0.04	0.01	0
Burkholderiaceae	0.39	8.67	2.29	0.93	4.21	2.2
Nitrosomonadaceae	0	0.03	0	0.17	0.54	0.02
Thiobacillaceae	0.02	0.2	0	0	0.03	0.04
Rhodocyclaceae	0.04	0.14	0	0.03	0.31	0.19
Methylophilaceae	0	0.38	0	0.09	0.04	0.07
Pseudomonadaceae	0	0.01	0.04	0.24	0.21	0.02
Oleiphilaceae	0	0	0	0.04	0.26	0
DSM-21967	0	0	0	0.33	0.08	0
Moraxellaceae	0	0	1.07	0.02	0.9	0
Nevskiaceae	0.01	0.03	0	0.01	0.52	0
GCA-2729495	0	0	0	0.06	0.21	0.07
Methylophagaceae	0	0	0	0	0.01	0
Tissierellaceae	0	0	0.2	0	0	0
Gottschalkiaceae	0	0	0	0	0	0
Peptoniphilaceae	0	0	0	0	0	0
Tepidimicrobiaceae	0	0	0	0	0	0
Aristaeellaceae	0	0	0	0	0	0
Eubacteriaceae	0	0	0	0	0	0
Erysipelotrichaceae	0	0	0	0	0	0
Amphibacillaceae	0	0	0.09	0	0	0
Trueperaceae	0	0	0	0	0.15	0
Gemmatimonadaceae	1.05	3.2	1	0.57	1.19	0.91
GWC2-71-9	0.04	0.19	0	0.54	0.29	1.19
Longimicrobiaceae	0	0	0.22	0.28	0	0
Sumerlaeaceae	0	0	0	0	0	0
JAGRMV01	0	0	0	0	0	0
Hymenobacteraceae	0	0.92	0	0.05	0.28	0.01
2013-40CM-41-45	0.03	0.08	0	0	0.1	0.15
Fen-336	0.3	0	0	0.2	0.02	0.62
JAGNNV01	0	0.16	0	0.19	0.03	0.01
2-12-FULL-66-21	0.02	0.08	0	0.12	0.02	0.08
UBA2999	0.8	0.67	0	1.02	0.29	3.46
SCN-69-37	0.22	0.18	0	1.97	0.07	0.62
Pyrinomonadaceae	0	2.2	0	0.48	4.24	3.52
RBC074	0	0.23	0	0	0	0.02
UBA5066	0.03	0.12	0	0	0	0.13
Gp7-AA6	0.2	0	0	0	0	0.32
Gp7-AA8	0.07	0.3	0	0.02	0	0.16
UBA5704	0.2	0	0	1.35	0.91	0.13
Bryobacteraceae	7.71	0.4	0.14	0.14	0.09	3.08
UBA7541	4.91	0	2.22	0.03	0	2.63
SG8-39	0.02	0.23	0	0.94	0.2	1.95
Usitatibacteraceae	0	0.47	0	0.02	0.07	0.27
Casimicrobiaceae	0.88	2.11	0.35	0.12	0.07	2.75
SG8-41	0.04	0.11	0	0.73	0.44	0.34
JACQAP01	0	0.04	0	0	0	0.07
Steroidobacteraceae	3.92	0.05	0.45	0.65	0.09	3.62
Xanthobacteraceae	5.69	0.64	0.07	1.14	0.16	5.95
Aestuariivirgaceae	0.04	0.5	0	0.32	0.27	0.38
Kaistiaceae	0.07	0	0	0.29	0.02	0.14
Devosiaceae	0	0.3	0	0.94	0.08	0.02
Rhizobiaceae	0.05	0.06	0.19	0.9	0.32	0.05
Hyphomicrobiaceae	0.31	0.23	0	0.62	0.15	1.06
Acetobacteraceae	1.49	0.57	1.09	0.05	0.05	0.23
Caulobacteraceae	0.86	0.66	0.13	0.39	0.57	0.34
Reyranellaceae	0.27	0.15	0	0.1	0.01	0.34
Micropepsaceae	0.96	0.11	0.1	0.15	0.01	0.81
CSP1-4	0.09	2.42	0	0.78	0.42	1.21
QHBO01	0	0	0	0.15	0	0.08
P2-11E	0	0.09	0	0	0	0.06
UBA6663	0.02	0	0	0.02	0	0.27
JACRBR01	0.01	0.03	0	0.07	0	0.32
Dormibacteraceae	0.26	0	0	0	0	1
Roseiflexaceae	0	0.17	0	0	0	0.26
JADMIH01	0	0.15	0	0	0	0.04
Jatrophihabitantaceae	0	0.06	0	0	0	0.02
SCTD01	0	1.1	0	0	0.27	0
Geodermatophilaceae	0	0.34	0	0.02	0.15	0.02
Micromonosporaceae	0	0.25	0.24	0.18	0	0.19
Micrococcaceae	0	0.07	0.75	0.28	0.41	0
JACCUZ01	0	0	0	0	0	0
JACDCH01	0	0.07	0	0.55	0.78	0
AC-14	0	0.02	0	0.03	0.02	0.01
PALSA-610	0.1	0.08	0	0.01	0	0.5
PALSA-555	1.71	0.04	0	0.13	0.03	0.36
IMCC26256	0.02	0.33	0	0.03	0.08	0.12
JANYLB01	0	0	0	0.01	0	0
Thermoleophilaceae	0	0.01	0	0.05	0	0.01
Solirubrobacteraceae	2.46	2.69	0.55	0.7	0.11	0.35
Gaiellaceae	0.1	0.6	0.04	0.41	0.1	0.8
F1-60-MAGs149	0	0.18	0	0	0	0.07
Miltoncostaeaceae	0.01	0.02	0	0.02	0.08	0.03
HRBIN12	0	0.31	0	0	0	0.28
PALSA-660	0	0	0	0	0	0
Pseudopelobacteraceae	0.02	0.44	0	0	0	0.01
PNKZ01	0	0	0	0.03	0	0.01
Lacipirellulaceae	0.02	0	0	1.36	0.43	0.11
Gemmataceae	1.61	0.23	0.08	0.16	0.02	1.35
Isosphaeraceae	0.64	0.1	0.05	0.06	0	0.09
Planctomycetaceae	0.26	0.11	0	0.64	0.31	0.17
SM1A02	0	0	0	0.26	0.16	0.05
Tepidisphaeraceae	0.72	0.28	0	0.13	0.02	0.65
JAEUHO01	0	0	0	0	0.47	0.09
H5-PLA8	0.09	0.03	0	0	0	0.06
GCA-002686595	0	0	0	0.75	0.34	0.3
UBA10450	0.22	0.59	0	0.2	0.04	0.79
Chthoniobacteraceae	0.41	1.49	0	0.24	0.13	0.26
SZAS-18	0.02	0.03	0	0	0	0.06
Verrucomicrobiaceae	0	0.74	0	0.03	0.21	0.07
V1-33	0	0.05	0	0.01	0.02	0
UBA11358	0.92	0.02	0.57	0.17	0.12	0.44
Fimbriimonadaceae	0.39	0.06	0	0	0.23	0.13
Chthonomonadaceae	0.18	0.4	0	0	0	0.05
UBA10212	0	0.02	0	0.01	0	0.14
UBA4664	0.02	0.25	0	0	0	0.05
UBA12049	0.24	0.03	0	0.07	0	0.28
UBA920	0.11	0.14	0	0	0.03	0.12
Fen-1088	0.3	0	0	0.02	0	0.28
Nitrospiraceae	0	0.26	0	0.13	0.12	2.22
RBG-16-71-46	0.02	0.17	0	0.09	0.03	0.76
SMWR01	0	0	0	0.06	0.17	0
Nitrosopumilaceae	0	0	0	0.11	0.54	0.56
Nitrosocaldaceae	0	0	0	0	0	0
JAHFTW01	0	0	0	0	0.42	0
UBA525	0	0	0	0	0	0
SKIA01	0	0	0	0	0	0
4572-78	0	0	0	0	0.01	0
Caldilineaceae	0	0.04	0	0.18	0.09	0.01
Ardenticatenaceae	0	0	0	0	0.17	0
UBA1135	0	0	0	0	0.01	0
UBA2386	0	0	0	0.12	0.14	0.07
J103	0	0	0	0	0	0
JADJEK01	0	0	0	0.02	0	0
GWC2-37-13	0	0.06	0	0.04	0	0
S012-47	0	0	0	0	0	0
UBA10348	0	0	0	0.06	0.07	0
ISCAR-4553	0	0	0	0.01	0	0
Ignavibacteriaceae	0	0	0	0	0	0
Melioribacteraceae	0	0	0	0	0	0
Nannocystaceae	0	0	0	0.22	0.02	0
UBA6777	0	0	0	0	0	0
SHLQ01	0	0	0	0.07	1.63	0
SZUA-35	0	0	0	0.08	5.51	0
Aldehydirespiratoraceae	0	0	0	0.26	0.31	0.02
ZC4RG35	0	0	0	0.8	0.31	0
JAENVV01	0	0	0	0.02	1.82	0
Nitrospinaceae	0	0	0	0	0.06	0
WLXD01	0	0	0	0	0	0
UBA890	0	0	0	0	0.01	0
UBA8639	0	0	0	0.19	0.87	0
J042	0	0	0	0	0.02	0
RBG-13-44-9	0	0	0	0	0	0
Palauibacteraceae	0	0	0	0.26	0.01	0
UBA6960	0	0	0	1.22	0.39	0
JAKEHA01	0	0	0	0	0.01	0.01
WVZY01	0	0	0	0	0.01	0
JAJRXK01	0	0	0	0.01	0.03	0
GCA-002770795	0	0	0	0	0	0
Alteromonadaceae	0	0	0	0.11	0.32	0
Kangiellaceae	0	0	0	0	0.01	0
Cellvibrionaceae	0	0.03	0	1.57	0.32	0
Azotimanducaceae_A	0	0.02	0	0.21	0.3	0.1
Halomonadaceae	0	0	0	0.15	0.02	0
Halieaceae	0	0	0	0.58	0.3	0
Alcanivoracaceae	0	0	0	0	0.01	0
Sedimenticolaceae	0	0	0	0.03	0.06	0
HK1	0	0	0	0	0.14	0
UBA6429	0	0	0	0	0.06	0
SZUA-229	0	0	0	0	0.18	0
Thiotrichaceae	0	0	0	0	0.26	0
Woeseiaceae	0	0	0	1.97	5.22	0
UBA4486	0	0	0	0.1	0.06	0
GCA-001735895	0	0	0	0	1.04	0
DSM-19610	0	0	0	0	0.05	0
Granulosicoccaceae	0	0	0	0.02	2.73	0
SZUA-152	0	0	0	0	0.02	0
UBA9214	0	0	0	0	0.56	0
SZUA-140	0	0	0	0	0	0
JALTON01	0	0	0	0	0	0
RI-283	0	0	0	0	0	0
Rhodothalassiaceae	0	0	0	0	0	0
Pelagibacteraceae	0	0	0	0	0	0
Maricaulaceae	0	0	0	0.05	0.15	0
Geminicoccaceae	0	0	0	0.5	0.01	0.01
Mariprofundaceae	0	0	0	0	0	0
SPBQ01	0	0	0	0	0	0
UBA6930	0	0	0	0	0.13	0
UBA4427	0	0	0	0.35	0.41	0
JALSIO01	0	0	0	0	0	0
DRLW01	0	0	0	0	0	0
Marinithermaceae	0	0	0	0	0	0
UBA583	0	0	0	0	0	0
UBA8592	0	0	0	0	0.1	0
DRMV01	0	0	0	0	0	0
Thermonemataceae	0	0	0	0	0	0
S139-126	0	0	0	0	0	0
S141-80	0	0	0	0	0	0
GCA-2746155	0	0	0	0	0	0
Pseudohongiellaceae	0	0	0	0.66	0.11	0
Porticoccaceae	0	0	0	0.12	0.04	0
Beggiatoaceae	0	0	0	0	0.02	0
CAITLU01	0	0.03	0	0	0.02	0
J088	0	0	0	0	0	0
Nitrososphaeraceae	0.31	0	0	0.2	0	0
GCA-2861595	0	0	0	0	0.01	0
CADCSY01	0	0.02	0	0.05	0.02	0.03
JACCXE01	0	0.02	0	0	0.01	0
JAUJNH01	0	0.02	0	0	0.02	0
Angustibacteraceae	0	0.27	0	0	0	0
S36-B12	0	0	0	0.02	0	0
Jiangellaceae	0	0	0	0	0	0
Streptosporangiaceae	6.34	0.12	0.88	0.01	0.02	0.42
JAHEKZ01	0	0.47	0	0.03	0	0
JALYLC01	0	0.14	0	0	0	0.14
WHSQ01	0	0	0	0	0	0
Villigracilaceae	0	0.02	0	0.11	0	0.17
JACRMK01	0	0	0	0	0	0.1
UBA10324	0.01	0.13	0	0	0	0.14
OLB10	0	0.12	0	0.03	0.04	0.07
B-1AR	0	0.16	0	0.28	0.01	0.07
UBA1018	0.15	0.22	0	0.02	0.04	0.07
Beijerinckiaceae	2.14	0.18	0.03	0.13	0.08	0.49
Gallionellaceae	0	0.05	0	0	0.03	0.02
JALYOK01	0	0.11	0	0	0	0
Deinococcaceae	0	0.23	0	0	0.11	0
RAAP-2	1.14	0.06	0.56	0.02	0.02	0
Spirosomataceae	0	0.34	0	0.1	0.08	0
Myxococcaceae	0.54	0.2	0.11	0.05	0.28	0.16
JACDBH01	0	0.32	0	0.04	0	0
Zambryskibacteraceae	0.01	0.16	0	0.12	0	0.15
Microcoleaceae	0	0	0	0	0	0
Planococcaceae	0	0	0.79	0	0.18	0
Actinomycetaceae	0	0.04	0	0.01	0.01	0
Kineococcaceae	0	0.04	0	0	0	0
WLNW01	0	0.06	0	0	0.04	0
B-17BO	0	0.03	0	0.06	0.03	0.03
CADCWN01	0	0.04	0	0	0	0
Palsa-1104	0.07	0.11	0	0	0	0.17
Bdellovibrionaceae	0	0.12	0	0.03	0.03	0
Armatimonadaceae	0	0.1	0	0	0	0
Parachlamydiaceae	0.15	0.06	0	0.05	0.01	0.12
JACMKV01	0	0	0	0	0	0
Afifellaceae	0	0	0	0.11	0.3	0
Vicinamibacteraceae	0	0	0	0.03	0.03	0
DEV007	0	0	0	0.36	0.68	0
Kallotenuaceae	0	0	0	0	0	0
Chloroflexaceae	0	0	0	0	0	0
Herpetosiphonaceae	0	0.04	0	0	0	0
CFX8	0	0	0	0.01	0	0
Thermomicrobiaceae	0	0	0	0	0	0
JADLAZ01	0	0	0	0	0	0
Thermobaculaceae	0	0	0	0	0	0
Phototrophicaceae	0.02	0.04	0	1.28	0.02	0.23
WHTK01	0	0	0	0.2	0	0.17
UBA2979	0	0	0	0.16	0.04	0.06
CAUJGQ01	0.01	0	0	0	0	0.02
CF-72	0.33	0	0	0	0	0.13
JACCZL01	0	0	0	0.03	0	0
JAJPHF01	0	0	0	0	0	0
JAJPGT01	0	0	0	0	0	0
JADZDV01	0	0	0	0	0	0
UBA12225	0	0	0	0	0	0
Peribacteraceae	0	0	0	0.08	0	0.06
2-12-FULL-41-12	0	0.04	0	0.18	0.01	0
AWTP1-31	0	0.03	0	0.02	0.01	0.02
JACPYF01	0	0	0	0	0	0
JAICHO01	0	0	0	0.02	0	0
CAIJKY01	0	0	0	0	0	0
SCTI01	0	0.1	0	0	0	0
JAKAEA01	0	0	0	0.01	0	0
UBA2103	0.03	0.18	0	0.16	0.01	0.1
CALRBL01	0	0.02	0	0	0	0
UBA1568	0	0	0	0.01	0	0
O2-02-FULL-48-8	0	0	0	0	0	0.03
SICC01	0	0	0	0	0	0
BACL12	0	0	0	0	0	0
ES-bin-26	0	0	0	0	0	0
OLB7	0	0	0	0	0.01	0
Rubricoccaceae	0	0	0	0.2	0.32	0
JAEZED01	0	0	0	0	0	0
JAEUIK01	0.05	0	0	0.05	0	0.02
UBA1268	0.02	0	0	0.01	0	0.01
PALSA-1355	0.4	0	0	0.16	0.02	0.21
Thermoguttaceae	0.15	0	0	0.06	0.07	0.05
JALHPA01	0.02	0	0	0	0	0.03
Pan216	0	0	0	0	0	0
UBA11346	0.04	0.17	0	0.01	0	0
SHYZ01	0	0	0	0	0	0
GCA-2862545	0	0	0	0.05	0.05	0
Nostocaceae	0	0	0	0	0	0
Chroococcidiopsidaceae	0	0	0	0	0	0
Phormidesmiaceae	0	0	0	0.02	0	0
Thermosynechococcaceae	0	0	0	0	0	0
Elainellaceae	0	0	0	0	0	0
Leptolyngbyaceae	0	0	0	0	0	0
SYMT01	0	0	0	0	0	0
UBA2428	0	0.21	0	0.02	0.01	0
F11	0	0	0	0	0	0.06
2-01-FULL-59-12	0.31	0	0	0	0	0.23
NS-4	0	0	0	0	0	0.15
QHCA01	0	0	0	0	0	0
Frankiaceae	0	0	0	0	0	0
JAFAQI01	0	0	0	0	0	0
Cryptosporangiaceae	0	0	0	0	0	0
JALYXH01	0	0	0	0	0	0
CADCTP01	0	0	0	0	0	0
Actinopolymorphaceae	0	0	0	0	0	0
Kribbellaceae	0	0	0	0	0	0
Beutenbergiaceae	0	0	0.06	0	0	0
Kineosporiaceae	0	0	0	0.05	0	0.05
CAIYMF01	0	0	0	0	0.01	0
Motilibacteraceae	0	0	0	0	0	0
JACCYY01	0	0	0	0	0	0
Palsa-688	0.21	0	0	0	0.02	0
MedAcidi-G1	0	0	0	0.04	0.07	0
SKKL01	0	0	0	0.39	0.04	0
UBA8190	0.04	0	0.02	0	0	0.01
JAJPHE01	0	0	0	0	0	0
Bog-793	0.05	0	0.22	0.01	0	0
CADCTF01	0	0	0	0	0.01	0
JAEUJM01	0	0	0	0.04	0.03	0
JAHWKP01	0	0	0	0	0	0
SIRW01	0	0	0	0	0	0
Bin134	0	0	0	0	0	0
JAHWKV01	0	0	0	0	0	0
Egibacteraceae	0	0	0	0.03	0	0
Rubrobacteraceae	0	0	0	0	0	0
RSA9	0	0.02	0	0.25	0	0
JAHWKZ01	0	0	0	0.09	0	0
JACCXV01	0	0	0	0	0	0
UBA9968	0	0	0	0.18	0	0.23
JAFGCY01	0	0	0	0	0	0
Nitriliruptoraceae	0	0	0	0.58	0.38	0
FW602-bin22	0	0	0	0	0	0
CACIAM-22H2	0	0	0	0	0	0.02
Brachytrichaceae	0	0.25	0	0	0	0.03
Epilineaceae	0	0.06	0	0.02	0.04	0.02
UBA10151	0	0	0	0	0	0.05
UBA2466	0.13	0	0	0.05	0.01	0.04
Antricoccaceae	0	0	0.04	0	0	0
CAIXPF01	0	0	0	0.01	0.02	0
54-19	0	0.05	0	0	0	0
UBA2112	0	0.03	0	0.01	0	0
UBA10027	0	0	0	0	0	0
JAUPVS01	0	0.05	0	0.02	0	0.03
UBA6022	0	0	0	0	0.01	0
JAGQNK01	0	0	0	0.02	0	0
RYN-404	0	0	0	0	0	0
JAEWBQ01	0	0	0	0	0	0
CALMSM01	0	0	0	0	0	0
Nanosynbacteraceae	0	0	0.04	0	0	0
UBA2023	0	0	0	0	0.05	0
JADIYW01	0	0	0	0	0.02	0
Acidobacteriaceae	3.51	0.06	3.04	0	0	0.26
Bacteriovoracaceae	0	0.07	0	0.07	0.16	0
Lachnospiraceae	0	0	0	0.01	0.01	0.02
Clostridiaceae	0	0	0.02	0	0	0
JAGPDB01	0	0	0	0	0	0
Quadrisphaeraceae	0	0	0	0	0	0
CAITNM01	0	0	0	0	0	0
Chamaesiphonaceae	0	0	0	0	0	0
JADJQN01	0	0	0	0.02	0	0
RGVZ01	0	0.03	0	0.04	0.08	0
Oligoflexaceae	0	0	0	0	0.02	0
Silvanigrellaceae	0	0	0	0	0	0
UBA1609	0.07	0.1	0	0.07	0.02	0.09
JAMPXM01	0	0.27	0	0	0	0
OMII01	0	0.04	0	0	0.01	0
UBA9934	0	0	0	0	0	0
BA12	0	0	0	0	0	0
Cytophagaceae	0	0	0.11	0.01	0	0
M30B66	0	0	0	0	0	0
UBA11236	0	0	0	0.64	0	0.02
BWSM-131	0	0	0	0	0	0
Promineifilaceae	0	0	0	0.49	0.46	0
JAAUUE01	0	0	0	0	0	0
Pseudanabaenaceae	0	0	0	0	0	0
UBA955	0	0	0	0.02	0.03	0
UBA9320	0	0	0	0	0.03	0
Palsa-965	0	0	0	0	0	0
Palsa-1295	0.25	0.18	0	0	0	0.05
SBAW01	0.05	0.03	0	0.12	0	0.3
Ahniellaceae	0	0.04	0	0	0	0
SZUA-5	0	0.02	0	0.04	0.01	0
Rhodomicrobiaceae	0.14	0	0	0.23	0	0
Hyphomonadaceae	0	0	0	0.66	0.24	0.01
JACCXJ01	0	0	0	0	0	0
HTCC5015	0	0	0	0.04	0	0
Sandaracinaceae	0	0.02	0	0.13	0.05	0.01
Ga0077539	0.01	0.02	0	0	0.01	0
UBA6821	0.01	0	0	0	0	0
JAAUTS01	0	0	0	0	0	0
CALFVM01	0	0	0	0	0	0
ATM1	0	0	0	0	0	0
JAAUTT01	0	0	0	0	0	0
UBA4417	0	0.02	0	0	0	0
Williamwhitmaniaceae	0	0	0	0	0	0
DTGW01	0	0	0	0	0	0
UBA932	0	0	0	0	0	0
FEN-979	0	0	0	0	0	0
UA16	0	0	0	0	0.02	0
OLB5	0	0	0	0	0	0.06
Kapaibacteriaceae	0	0	0	0	0.01	0
UBA2268	0	0	0	0	0	0
CAIKXV01	0	0	0	0	0	0
Methylomonadaceae	0	0	0	0	0.01	0
Micavibrionaceae	0.01	0.04	0	0.41	0.03	0
CG2-30-64-16	0	0	0	0	0	0
WQYP01	0.17	0	0	0	0	0.09
UBA9337	0	0	0	0	0	0
JAGOOR01	0	0	0	0	0.03	0
PJMF01	0.01	0	0	0.13	0	0.02
UBA12405	0	0	0	0	0	0
UBA927	0	0	0	0.01	0	0.02
CAIMLA01	0	0	0	0	0	0
JACMRA01	0	0	0	0	0	0
GCA-2699445	0	0	0	0	0	0
UBA2241	0	0	0	0	0	0
JAAXUF01	0	0.02	0	0	0	0
PHET01	0	0	0	0	0	0
Anaerosomataceae	0	0	0	0	0	0
CAIMTB01	0	0	0	0	0	0
Palsa-1439	0.12	0	0	0.01	0	0.57
PHBI01	0	0	0	0.02	0	0
VGSZ01	0	0.05	0	0	0	0
Desulfobulbaceae	0	0	0	0	0	0
Smithellaceae	0	0	0	0	0	0
CAIYQO01	0	0	0	0	0	0
Treponemataceae	0	0	0	0	0	0
Anaerovoracaceae	0	0	0	0	0	0
Filifactoraceae	0	0	0	0	0	0
Acidaminobacteraceae	0	0	0	0	0	0
UBA5734	0	0	0	0	0	0
CAG-465	0	0	0	0	0	0
DSM-8532	0	0	0	0	0	0
MVZB01	0	0	0	0.02	0	0
LZORAL124-64-63	0	0	0	0	0	0
Euzebyaceae	0	0	0	0.03	0.24	0
FACHB-T130	0	0	0	0	0	0
PCC-9333	0	0	0	0	0	0
Coleofasciculaceae	0	0	0	0	0	0
JARCMD01	0	0	0	0	0	0
JAFAMB01	0.67	0	0	0	0	0
172606-1	0	0	0	0	0	0
CAILIB01	0	0.05	0	0	0	0
SZUA-149	0	0	0	0	0.06	0
QHCE01	0	0	0	0	0	0
JACCYU01	0	0	0	0	0	0
SURF-13	0	0.05	0	0	0	0
Catenulisporaceae	0	0	0	0	0	0
Sporichthyaceae	0	0	0	0	0	0
JAUTXP01	0	0	0	0	0	0
JAHWLA01	0	0	0	0	0	0
BP-101	0	0	0	0	0	0
JAUIHN01	0	0	0	0	0	0
JACDFO01	0	0	0	0	0	0
OFTM59	0	0	0	0	0	0
JALRHH01	0	0	0	0	0.02	0
Gloeomargaritaceae	0	0	0	0	0	0
UBA4093	0	0	0	0	0	0
UBA8530	0	0	0	0	0	0
JAQBPE01	0	0	0	0	0	0
SXON01	0	0	0	0	0	0
UBA9042	0	0	0	0	0	0
JAAFIG01	0	0	0	0	0	0
JAICJC01	0	0	0	0	0	0.1
Acidimicrobiaceae	0	0	0	0	0	0
RYN-140	0	0	0	0	0	0
BP-191	0	0	0	0	0	0
UBA10799	0	0	0	0	0	0
Nanosyncoccaceae	0	0	0	0	0	0.01
UBA10190	0	0	0	0.04	0	0
Pedosphaeraceae	0.2	0	0	0.01	0	0.12
RBG-16-58-11	0	0	0	0	0.01	0
UBA6901	0	0	0	0	0	0
Ga007554	0	0	0	0	0	0
JAHCIE01	0	0	0	0	0	0
JACQGL01	0	0	0	0	0	0
Methanospirillaceae	0	0	0	0	0	0
GCA-002748415	0	0	0	0	0	0
Sulfuricellaceae	0	0.04	0	0	0	0
JAHJQQ01	0	0	0	0	0.05	0
LD1	0.03	0.03	0	0.03	0	0.02
JAGQMS01	0	0	0	0	0	0
UBA6899	0	0.05	0	0	0	0
SC72	0	0	0	0	0	0
CAIMNF01	0	0.03	0	0	0.01	0
UBA840	0	0	0	0	0	0
JADMJV01	0	0.02	0	0	0.02	0
JACDBD01	0.05	0	0	0.01	0	0.07
JAOSJM01	0.01	0	0	0	0	0.02
Methyloligellaceae	0.08	0	0	0.26	0.03	0.36
Dermabacteraceae	0	0.02	0.17	0	0	0
JAOPZY01	0	0	0	0	0	0
JAICYB01	0	0	0	0	0	0
CAJBBX01	0.02	0.08	0	0	0	0.03
CSP1-6	0	0	0	0	0	3
JACPNS01	0	0	0	0.02	0	0
Schleiferiaceae	0	0	0	0.02	0	0
REDH01	0	0	0	0	0	0
DTU023	0	0	0	0	0	0
Oscillospiraceae	0	0	0	0	0	0
UBA1006	0	0	0	0	0.01	0
CSBR16-119	0	0	0	0	0	0
CAIZLB01	0	0	0	0	0	0
OMJO01	0	0	0	0.02	0	0.03
JAQBRV01	0	0	0	0	0	0
JAKQQT01	0	0	0	0	0	0
Ktedonobacteraceae	5.95	0	0.53	0	0	1
SKKY01	0	0	0	0	0	0
Carnobacteriaceae	0	0	0.07	0	0	0
Salinicoccaceae	0	0	1.12	0	0	0
VGCI01	0	0	0	0.01	0	0.05
JANYDT01	0	0.06	0	0	0	0
JAFATL01	0	0	0	0	0	0
Acidothermaceae	0	0	0	0	0	0
AC-67	0	0	0	0	0	0
JAHWKO01	0	0	0	0	0.01	0
JAJPHT01	0	0	0	0	0.13	0
Nanopelagicaceae	0	0	0	0	0	0
BMS3ABIN01	0	0	0	0	0	0
CAIJZX01	0	0.06	0	0	0	0.01
DSM-16500	0.08	0.08	0	0.09	0.02	0.13
UBA6077	0	0	0	0	0	0
JALYUS01	0	0	0	0	0	0
CF-121	0	0	0	0	0	0.02
UBA8260	0.1	0	0	0	0	0
SbA1	6.15	0	0	0	0	3.89
Koribacteraceae	0.98	0	0	0	0	0.07
Binataceae	1.46	0	3.03	0	0	0.66
JADGOV01	0	0	0	0	0	0
SHND01	0	0	0	0	0	0.03
UBA7656	0.01	0	0	0	0	0.36
JADJMO01	0	0.04	0	0	0	0.05
JADYYK01	0	0	0	0	0	0
JAEUJZ01	0	0	0	0	0	0.01
UBA9464	0	0.04	0	0.03	0	0.03
DSM-12255	0	0.04	0	0	0	0
UTPRO1	0	0	0	0.04	0.02	0.27
JAICIG01	0.07	0	0.06	0	0	0.02
UBA4738	0	0	0	0	0	0.02
Poriferisodaliceae	0	0	0	0.01	0.07	0
JADJXE01	0	0	0	0	0	0.01
JADIYM01	0	0	0	0	0	0
Versatilivoraceae	0	0	0	0	0	0.08
Fen-181	0	0	0	0	0	0
JAFNAJ01	0	0	0	0	0	0
JAGQNJ01	0	0	0	0.02	0	0
JACOTW01	0	0	0	0	0	0
JACQNP01	0	0	0	0	0	0
JAQGGX01	0	0	0	0	0	0
UBA10105	0	0	0	0	0	0
UBA2100	0.04	0.02	0	0.09	0	0.28
UBA10185	0	0	0	0	0	0
Anaeromyxobacteraceae	0.03	0	0	0	0	0
40CM-4-68-19	0.02	0	0	0	0	0
G023898405	0	0	0	0	0	0
WYAZ01	0	0	0	0	0.01	0
Palsa-1400	0.1	0	0	0	0	0.01
SIBE01	0	0	0	0	0	0.03
JACDHS01	0	0	0	0	0.02	0
JALYXC01	0	0	0	0	0	0
JAQGOX01	0	0.03	0	0	0	0
CALKYB01	0	0	0	0	0	0
JAQTWB01	0	0	0	0	0	0
JAGRAN01	0	0	0	0.01	0	0
RFPC01	0	0	0	0	0.02	0
JAFLCA01	0	0	0	0	0	0
JAGFJO01	0	0	0	0	0	0
JAIBBU01	0	0	0	0	0	0
CAIXSY01	0	0	0	0	0	0
J046	0	0	0	0	0	0
JABDDW01	0.05	0.02	0	0	0	0
Bog-1112	0	0	0	0	0	0
UBA2394	0	0	0	0	0	0
Vampirovibrionaceae	0	0	0	0	0	0
Enterobacteriaceae	0	0	0	0.21	0	0
Rhodospirillaceae	0.02	0	0	0.07	0.03	0.06
Stellaceae	1.27	0	0.33	0.03	0	0.47
Bin65	0	0	0	0	0	0
UBA9655	0.02	0	0	0	0	0.01
JABWBI01	0	0	0	0	0	0
JALYNC01	0	0	0	0	0	0
CADDZG01	0	0	0	0	0	0
Capsulimonadaceae	0.13	0	0	0	0	0
BOG-932	0.02	0	0	0	0	0
Baltobacteraceae	0.66	0	0.66	0	0	0
UBA1321	0.5	0	0	0	0	0.04
JAKAPL01	0.21	0	0	0	0	0.08
Bog-877	0	0	0.16	0	0	0
JANWHV01	0.05	0	0	0	0	0
Obscuribacteraceae	0.55	0	0	0	0	0.03
RBG-16-64-32	0	0	0	0.08	0	0.03
JACQTL01	0	0	0	0	0	0
JAMXLJ01	0	0	0	0	0	0.04
BP-133	0	0	0	0	0	0
JACDEA01	0	0	0	0	0	0
HRBIN36	0.03	0	0	0	0	0.03
JAMCZE01	0	0	0	0	0	0
SHXO01	0	0	0	0	0	0.24
Bin18	0	0	0	0.02	0	0.06
DP-6	0	0	0	0	0	0.21
JACPRU01	0	0	0	0	0	0
Entotheonellaceae	0	0	0	0.14	0	0.09
Legionellaceae	0.04	0	0	0.05	0.03	0.03
TH1-2	0	0	0	0.54	0	0.17
UBA3002	0	0	0	0.03	0	0
SXRF01	0.09	0	0	0.1	0	0.04
PALSA-1337	0.08	0	0	0	0	0.03
JALHOP01	0	0	0	0	0	0
CAIQOK01	0.04	0	0	0	0	0.03
JADJPG01	0	0	0	0	0	0.02
SXQI01	0	0	0	0	0	0
JAATET01	0	0.05	0	0.08	0	0
SLMS01	0	0	0	0.03	0	0
UBA184	0.26	0	5	0	0	0.13
UBA183	0.22	0	0.17	0	0	0.05
CADDZS01	0.03	0	0	0	0	0
CAILMK01	0.01	0	0	0	0	0
Palsa-948_A	0.08	0	0	0	0	0
Gp1-AA112	0.01	0	0	0	0	0
Gp1-AA117	0.08	0	0	0	0	0.14
UBA7540	0.2	0	6.76	0	0	0.04
20CM-2-55-15	0.06	0	0	0.07	0	0.58
JAJPHL01	0.01	0	0	0	0	0
Holophagaceae	0.02	0.03	0	0	0	0
Fredricksoniimonadaceae	0.16	0	0	0	0	0.09
2-01-FULL-56-20	0.04	0	0	0	0	0.06
UBA12028	0.02	0	0	0	0	0
UBA8517	0.01	0	0	0.05	0	0.04
2-12-FULL-60-25	0.01	0	0	0.02	0	0
UBA7805	0.02	0	0	0.04	0.02	0.03
JACPPG01	0.05	0	0	0	0	0.02
JADZDJ01	0.03	0	0	0	0	0.07
JACPRB01	0.36	0	0	0	0	0.04
JACQDU01	0.02	0	0	0	0	0
JABCZZ01	0.02	0	0	0	0	0
UBA9219	0.07	0	0	0	0	0.05
Azospirillaceae	0.02	0	0	0.03	0	0.04
Dongiaceae	0.04	0	0	0.06	0	0.27
JAEUOS01	0.01	0	0	0	0	0
UBA11063	0.02	0	0	0	0	0
UBA6186	0.07	0.03	0	0.01	0	0.02
Coxiellaceae	0.03	0	0	0	0.01	0
JABCZS01	0.02	0	0	0	0	0
UBA6002	0.02	0	0	0	0	0
UBA2796	0.28	0	0	0	0	0.15
Aggregatilineaceae	0.01	0	0	0.03	0	0
JAJPKF01	0.05	0	0	0	0	0
JADMIN01	0.3	0	0.11	0	0	0.02
JACDGC01	0.02	0	0	0	0	0
CADDYW01	0.08	0	0	0	0	0.03
Eremiobacteraceae	0.94	0	0	0	0	0.02
UBA8199	0.06	0	0	0	0	0.2
CAMLLE01	0.03	0	0	0	0	0.01
BOG-1460	0.02	0	0	0	0	0
UBA3939	0.01	0	0	0	0	0
JABDGR01	0.02	0	0	0	0	0
Geobacteraceae	0.03	0	0	0	0	0
UBA9628	0.11	0.05	0	0	0.02	0.02
2-02-FULL-39-32	0.01	0	0	0	0	0.02
Endomicrobiaceae	0.01	0	0	0	0	0
UBA923	0.02	0	0	0	0	0
UBA9217	0.05	0	0	0	0	0
CADEER01	0.24	0	0	0.12	0.03	0.21
SM23-39	0.12	0	0	0.06	0	0.1
Rhabdochlamydiaceae	0.18	0	0	0.01	0	0.18
FEN-1388	0.05	0	0	0	0	0.09
JAAKFR01	0.02	0	0	0	0	0.02
Vermiphilaceae	0.13	0	0	0.12	0.02	0.17
Babeliaceae	0.02	0	0	0.01	0	0.03
Palsa-1180	0.05	0	0	0	0	0.04
JAHELV01	0	0	0	0.22	0	0
JADLHZ01	0	0.02	0	0	0	0
UBA6623	0	0	0	0.59	0.02	0
Chitinibacteraceae	0	0	0	0	0	0
UBA6940	0	0	0	0	0	0
Parvicellaceae	0	0	0	0	0	0
CAJJDF01	0	0	0	0	0	0
UBA8649	0	0	0	0	0	0
UBA9547	0	0	0	0	0	0
Bernardetiaceae	0	0	0	0	0	0
UKL13-3	0	0	0	0	0.01	0
UBA4408	0	0.03	0	0	0.02	0
Coraliomargaritaceae	0	0	0	0	0	0
Cyanobiaceae	0	0	0	0	0	0
JACMQJ01	0	0	0	0	0	0
UBA7694	0	0	0	0	0	0
CALMFT01	0	0	0	0	0	0
UBA6164	0	0	0	0	0	0
1-14-2-50-48-13	0	0	0	0	0	0
JAMLIO01	0	0	0	0	0	0
Arcobacteraceae	0	0	0	0	0	0
JAFGIB01	0	0.05	0	0.68	0	0.04
Prado026	0	0.02	0	0	0	0.02
Cfx3-03	0	0.1	0	0	0	0
Ga0077536	0	0.07	0	0.02	0.03	0.01
JAHWKN01	0	0.04	0	0	0	0
CAILAD01	0	0.03	0	0	0	0
UBA917	0	0.03	0	0	0	0
VEQN01	0	0.06	0	0	0	0
GWC2-37-73	0	0.05	0	0	0	0
GWA2-44-9	0	0.06	0	0	0	0.03
GWA1-39-11	0	0.02	0	0.05	0	0.03
HO2-37-13b	0	0.02	0	0	0	0
UBA2197	0	0.09	0	0	0	0
Desulfitobacteriaceae	0	0.02	0	0	0	0
UBA1997	0	0	0	0	0	0
JAHWJO01	0	0	0	0	0	0
JAQGHD01	0	0	0	0	0	0
Micrarchaeaceae	0	0	1.18	0	0	0.01
REEB76	0	0	15.89	0	0	0
SCQP01	0	0	0.99	0	0	0
Brevibacteriaceae	0	0	0.1	0	0	0
Vulgatibacteraceae	0	0	0.03	0	0	0
Staphylococcaceae	0	0	0.13	0	0	0
DSM-18226	0	0	0.1	0	0	0
Enterococcaceae	0	0	0.02	0	0	0
Aerococcaceae	0	0	0.08	0	0	0
Paenibacillaceae	0	0	0.14	0	0	0
NBRC-103111	0	0	0.13	0	0	0
UBA4045	0	0	0.02	0	0	0
GW2011-AR1	0	0	0	0.01	0	0.01
Salibacteraceae	0	0	0	0.04	0	0
CAIOSU01	0	0	0	0.03	0	0
UBA8524	0	0	0	0.01	0	0
UBA10329	0	0	0	0.02	0	0
JABDKH01	0	0	0	0.06	0.13	0
Bin80	0	0	0	0.02	0	0
JAAAOL01	0	0	0	0.01	0	0
JANQRZ01	0	0	0	0.03	0	0
Balneolaceae	0	0	0	0.03	0	0
UBA11373	0	0	0	0.02	0.04	0
JAHEJN01	0	0	0	0.08	0.04	0
UBA10347	0	0	0	0.08	0.75	0
J027	0	0	0	0.08	0	0
UBA11579	0	0	0	0.05	0	0
JABWBV01	0	0	0	0.01	0	0
J111	0	0	0	0.03	0.03	0
UBA3495	0	0	0	0.05	0	0
Multivoraceae	0	0	0	0.06	0.09	0
JAIOJS01	0	0	0	0.16	0	0
JAHWKK01	0	0	0	0.04	0	0
B10-G4	0	0	0	0.05	0	0
JAGQOS01	0	0	0	0.02	0	0
JADKAF01	0	0	0	0.02	0	0
Zrk34	0	0	0	0.02	0	0
UTPLA1	0	0	0	0.05	0	0.03
UBA1845	0	0	0	0.04	0.02	0
J058	0	0	0	0.03	0.02	0
UBA2392	0	0	0	0.07	0	0
B15-G4	0	0	0	0.14	0	0.04
GCA-002687715	0	0	0	0.01	0	0
JAJVHW01	0	0	0	0.02	0.05	0.05
UBA6065	0	0	0	0.01	0	0
J137	0	0	0	0.04	0	0
OLB20	0	0	0	0.01	0	0
UBA2995	0	0	0	0.01	0	0
JANLHA01	0	0	0	0.01	0	0
Zapsychraceae	0	0	0	0.06	0.01	0
Aquincolibacteriaceae	0	0	0	0.02	0	0
WYBJ01	0	0	0	0.01	0	0
Nitrincolaceae	0	0	0	0.04	0.08	0
Ketobacteraceae	0	0	0	0.01	0	0
GM7GCV1	0	0	0	0.01	0	0
Spongiibacteraceae	0	0	0	0.04	0.06	0
UBA7434	0	0	0	0.03	0.08	0
Marinomonadaceae	0	0	0	0.01	0	0
Wenzhouxiangellaceae	0	0	0	0.04	0.02	0
Shewanellaceae	0	0	0	0.01	0	0
Poriferihabitantaceae	0	0	0	0.11	0.06	0
Arenicellaceae	0	0	0	0.01	0.13	0
Rariloculaceae	0	0	0	0.28	0.22	0.04
Amorphaceae	0	0	0	0.04	0	0
JAJFHB01	0	0	0	0.01	0.01	0
Stappiaceae	0	0	0	0.02	0.03	0
Tepidamorphaceae	0	0	0	0.04	0	0
Parvularculaceae	0	0	0	0.25	0.01	0
Emcibacteraceae	0	0	0	0.02	0	0
Magnetospirillaceae	0	0	0	0.02	0	0.03
UBA2020	0	0	0	0.04	0	0
Casp-alpha2	0	0	0	0.02	0.04	0
GCA-2717185	0	0	0	0.01	0.02	0
UBA8366	0	0	0	0.03	0.05	0
UBA6187	0	0	0	0.01	0	0
Kiloniellaceae	0	0	0	0.02	0.03	0
Parvibaculaceae	0	0	0	0.04	0	0
SMXQ01	0	0	0	0.05	0.02	0
Bin95	0	0	0	0.07	0	0
Thalassobaculaceae	0	0	0	0.02	0	0
SP197	0	0	0	0.03	0	0
Sneathiellaceae	0	0	0	0.03	0	0
CALKHQ01	0	0	0	0.01	0.02	0
JAGDMS01	0	0	0	0.03	0	0.3
PR03	0	0	0	0.17	0	0.03
CAIMUX01	0	0	0	0.02	0.01	0
JACQKK01	0	0	0	0.01	0	0
GCA-2746185	0	0	0	0.06	0	0
JAEUWI01	0	0	0	0.07	0	0
SLHB01	0	0	0	0.03	0	0
ARS69	0	0	0	0.08	0.01	0
JAAEMS01	0	0	0	0	0.02	0
UBA4744	0	0	0	0	0.3	0
Spongiisociaceae	0	0	0	0	0.08	0
SHLN01	0	0	0	0	0.06	0
JAHEDJ01	0	0	0	0	0.06	0
JAHWKY01	0	0	0	0	0.04	0
SG8-40	0	0	0	0	0.07	0
Aeromonadaceae	0	0	0	0	0.19	0
Psychromonadaceae	0	0	0	0	0.01	0
IMCC2047	0	0	0	0	0.03	0
DSM-6294	0	0	0	0	0.02	0
Natronospirillaceae	0	0	0	0	0.05	0
JAUIET01	0	0	0	0	0.03	0
JAHZLQ01	0	0	0	0	0.01	0
SZUA-38	0	0	0	0	0.02	0
Competibacteraceae	0	0	0	0	0.05	0
JAHEDQ01	0	0	0	0	0.01	0
Chromatiaceae	0	0	0	0	0.03	0
Sulfurifustaceae	0	0	0	0	0.03	0.17
JABDKV01	0	0	0	0	0.38	0
UBA4575	0	0	0	0	0.04	0
Ectothiorhodospiraceae	0	0	0	0	0.02	0
Acidihalobacteraceae	0	0	0	0	0.01	0
XN24	0	0	0	0	0.02	0
Berkiellaceae	0	0	0	0	0.01	0
SZUA-146	0	0	0	0	0.17	0
JABDLF01	0	0	0	0	0.29	0
CAJXQU01	0	0	0	0	0.18	0
JAHEKG01	0	0	0	0	0.02	0
JABDMI01	0	0	0	0	0.18	0
JANQQB01	0	0	0	0	0.07	0
GCA-2746425	0	0	0	0	0.01	0
J153	0	0	0	0	0.05	0
JADFVY01	0	0	0	0	0.03	0
UBA2964	0	0	0	0	0.08	0
UBA830	0	0	0	0	0.01	0
UBA2165	0	0	0	0	0.01	0
UBA6615	0	0	0	0	0.02	0
GCA-2731375	0	0	0	0	0.01	0
Inquilinaceae	0	0	0	0	0.03	0
SMYC01	0	0	0	0	0.07	0
Polarisedimenticolaceae	0	0	0	0	0.19	0.01
JAIQFR01	0	0	0	0	0.02	0.1
JABDKJ01	0	0	0	0	0.05	0
J057	0	0	0	0	0.02	0
UBA6906	0	0	0	0	0.13	0.07
JABDBI01	0	0	0	0	0.02	0
UBA1146	0	0	0	0	0.03	0
RI-55	0	0	0	0	0.02	0
JAFMIX01	0	0	0	0	0.01	0
SLCJ01	0	0	0	0	0.01	0
CAIVKH01	0	0	0	0	0.01	0
JAJFLO01	0	0	0	0	0.01	0
Geopsychrobacteraceae	0	0	0	0	0.13	0
BM103	0	0	0	0	0.01	0
JAFDCJ01	0	0	0	0	0.01	0
JAJCYX01	0	0	0	0	0.05	0
VXPC01	0	0	0	0	0.02	0
VA-1	0	0	0	0	0.02	0
JABDJR01	0	0	0	0	0.02	0
JAJCZL01	0	0	0	0	0.01	0
G020349025	0	0	0	0	0.01	0
12-Feb	0	0	0	0	0.02	0
JAFDET01	0	0	0	0	0.01	0
JAFDDA01	0	0	0	0	0.02	0
JAGQJR01	0	0	0	0	0.05	0
SZUA-336	0	0	0	0	0.02	0.23
CABMGC01	0	0	0	0	0	0.03
Pleomorphomonadaceae	0	0	0	0	0	0.01
JAHFRG01	0	0	0	0	0	0.02
Ga0077523	0	0	0	0	0	0.02
2-12-FULL-54-10	0	0	0	0	0	0.12
Gp22-AA2	0	0	0	0	0	0.03
VGOW01	0	0	0	0	0	0.02
SHYK01	0	0	0	0	0	0.07
2-01-FULL-66-17	0	0	0	0	0	0.02
JADLDD01	0	0	0	0	0	0.02
Chersky-534	0	0	0	0	0	0.02
SZUA-254	0	0	0	0	0	0.06
Fen-1342	0	0	0	0	0	0.01
PWPN01	0	0	0	0	0	0.02
JAKLKS01	0	0	0	0	0	0.03
SIAN01	0	0	0	0	0	0.09
SXIK01	0	0	0	0	0	0.08
W02-35-19	0	0	0	0	0	0.01
Staskawiczbacteraceae	0	0	0	0	0	0.03
AQU-01	0	0	0	0	0	0.01
Amesbacteraceae	0	0	0	0	0	0.02
PALSA-1396	0	0	0	0	0	0.14
JAKEEH01	0	0	0	0	0	0.01
JACPZS01	0	0	0	0	0	0.05
UBA11320	0	0	0	0	0	0.01
JABWAM01	0	0	0	0	0	0.01
2-02-FULL-51-18	0	0	0	0	0	0.01
JACQEN01	0	0	0	0	0	0.06
JACQVA1	0	0	0	0	0	0.19
HRBIN30	0	0	0	0	0	0.01
UBA12015	0	0	0	0	0	0.09
JACORV01	0	0	0	0	0	0.04
SZUA-252	0	0	0	0	0	0.45
UBA9160	0	0	0	0	0	0.04
CSP1-3	0	0	0	0	0	0.02
WHTO01	0	0	0	0	0	0
UBA8438	0	0	0	0	0	0
JAJYGY01	0	0	0	0	0	0
UBA7239	0	0	0	0	0	0
Bacteroidaceae	0	0	0	0	0	0
WCHB1-69	0	0	0	0	0	0
Tannerellaceae	0	0	0	0	0	0
Tenuifilaceae	0	0	0	0	0	0
P3	0	0	0	0	0	0
ML635J-15	0	0	0	0	0	0
DTU049	0	0	0	0	0	0
TC1	0	0	0	0	0	0
UBA3636	0	0	0	0	0	0
Victivallaceae	0	0	0	0	0	0
Fastidiosipilaceae	0	0	0	0	0	0
Acutalibacteraceae	0	0	0	0	0	0
Ruminococcaceae	0	0	0	0	0	0
CAG-138	0	0	0	0	0	0
CAG-508	0	0	0	0	0	0
UBA1444	0	0	0	0	0	0
CAG-826	0	0	0	0	0	0
UBA660	0	0	0	0	0	0
Synergistaceae	0	0	0	0	0	0
Cloacimonadaceae	0	0	0	0	0	0
Pasteurellaceae	0	0	0	0	0	0
Peptostreptococcaceae	0	0	0	0	0	0
Cellulosilyticaceae	0	0	0	0	0	0
Metamycoplasmataceae	0	0	0	0	0	0
Fusobacteriaceae	0	0	0	0	0	0
Helicobacteraceae	0	0	0	0	0	0
JAGQZY01	0	0	0	0	0	0
CAIRYW01	0	0	0	0	0	0
VMFF01	0	0	0	0	0	0
QHBQ01	0	0	0	0	0	0
UBA5177	0	0	0	0	0	0
JAJPGV01	0	0	0	0	0	0
UBA4733	0	0	0	0	0	0
UBA5272	0	0	0	0	0	0
GWA1-40-21	0	0	0	0	0	0
JAVEEJ01	0	0	0	0	0	0
CAINMV01	0	0	0	0	0	0
JABDFU01	0	0	0	0	0	0
SXHM01	0	0	0	0	0	0
CANJSG01	0	0	0	0	0	0
Immundisolibacteraceae	0	0	0	0	0	0
JAIEPX01	0	0	0	0	0	0
PLA5	0	0	0	0	0	0
J093	0	0	0	0	0	0
Waddliaceae	0	0	0	0	0	0
Methanosarcinaceae	0	0	0	0	0	0
Methanomicrobiaceae	0	0	0	0	0	0
Methanomethylophilaceae	0	0	0	0	0	0
F082	0	0	0	0	0	0
4484-276	0	0	0	0	0	0
Marinifilaceae	0	0	0	0	0	0
Muribaculaceae	0	0	0	0	0	0
SM23-62	0	0	0	0	0	0
UBA12077	0	0	0	0	0	0
PUMT01	0	0	0	0	0	0
Thiomicrospiraceae	0	0	0	0	0	0
HK-STAS-PATE-42	0	0	0	0	0	0
LOWO2-01-FULL-3	0	0	0	0	0	0
UBA12465	0	0	0	0	0	0
SG8-4	0	0	0	0	0	0
Trichloromonadaceae	0	0	0	0	0	0
Desulfobacteraceae	0	0	0	0	0	0
Proteiniboraceae	0	0	0	0	0	0
UBA3941	0	0	0	0	0	0
CAG-272	0	0	0	0	0	0
DUPQ01	0	0	0	0	0	0
JAAYNR01	0	0	0	0	0	0
UBA1067	0	0	0	0	0	0
JAAYLN01	0	0	0	0	0	0
Tepidibacillaceae	0	0	0	0	0	0
JAFGVF01	0	0	0	0	0	0
Sulfurovaceae	0	0	0	0	0	0
Sulfurimonadaceae	0	0	0	0	0	0
JAAYKD01	0	0	0	0	0	0
JADKCL01	0	0	0	0	0	0
Flexibacteraceae	0	0	0	0	0	0
Palsa-948	0	0	0	0	0	0
RBG-16-64-13	0	0	0	0	0	0
UBA1550	0	0	0	0	0	0
UBA11359	0	0	0	0	0	0
SG8-24	0	0	0	0	0	0
JADFDG01	0	0	0	0	0	0
UBA5335	0	0	0	0	0	0
UBA11222	0	0	0	0	0	0
GCA-2746535	0	0	0	0	0	0
Chromulinivoraceae	0	0	0	0	0	0
SIBH01	0	0	0	0	0	0
AV2	0	0	0	0	0	0
JADGOU01	0	0	0	0	0	0
SIBU01	0	0	0	0	0	0
Methanotrichaceae	0	0	0	0	0	0
UBA472	0	0	0	0	0	0
DSPA01	0	0	0	0	0	0
JAKQTR01	0	0	0	0	0	0
UBA4085	0	0	0	0	0	0
UBA2199	0	0	0	0	0	0
BJGX01	0	0	0	0	0	0
CAJBRS01	0	0	0	0	0	0
UBA2206	0	0	0	0	0	0
UBA11712	0	0	0	0	0	0
RBG-16-39-9b	0	0	0	0	0	0
GWA2-41-24	0	0	0	0	0	0
2-12-FULL-50-11	0	0	0	0	0	0
Sulfuriferulaceae	0	0	0	0	0	0
Midichloriaceae	0	0	0	0	0	0
UBA6184	0	0	0	0	0	0
SM23-35	0	0	0	0	0	0
UBA4142	0	0	0	0	0	0
Fen-1058	0	0	0	0	0	0
Anoxymicrobiaceae	0	0	0	0	0	0
Humimicrobiaceae	0	0	0	0	0	0
UBA2174_A	0	0	0	0	0	0
Desulfatirhabdiaceae	0	0	0	0	0	0
0-14-0-80-60-11	0	0	0	0	0	0
UBA2192	0	0	0	0	0	0
RBG-13-43-22	0	0	0	0	0	0
JACRLI01	0	0	0	0	0	0
Syntrophorhabdaceae	0	0	0	0	0	0
34-128	0	0	0	0	0	0
Deferrimicrobiaceae	0	0	0	0	0	0
Diplorickettsiaceae	0	0	0	0	0	0
JAIQGF01	0	0	0	0	0	0
JAKAPS01	0	0	0	0	0	0
JACQFS01	0	0	0	0	0	0
SXTU01	0	0	0	0	0	0
F1-80-MAGS106	0	0	0	0	0	0
JAIOPI01	0	0	0	0	0	0
JAURND01	0	0	0	0	0	0
CAIRYL01	0	0	0	0	0	0
UBA12108	0	0	0	0	0	0
2-02-FULL-39-11	0	0	0	0	0	0
UBA2798	0	0	0	0	0	0
JABDAW01	0	0	0	0	0	0
CAIKAF01	0	0	0	0	0	0
WSZJ01	0	0	0	0	0	0
UBA1565	0	0	0	0	0	0
CAIPTA01	0	0	0	0	0	0
JAJVIF01	0	0	0	0	0	0
CAJCIY01	0	0	0	0	0	0
CG2-30-43-20	0	0	0	0	0	0
JAEYZS01	0	0	0	0	0	0
